nose,left_shoulder,left_elbow,left_wrist,left_pinky,left_index,left_hip,left_knee,left_heel,left_foot_index,right_shoulder,right_elbow,right_wrist,right_pinky,right_index,right_hip,right_knee,right_heel,right_foot_index
"{'x': 0.476381599903107, 'y': 0.516416966915131, 'z': -0.187697246670723}","{'x': 0.54829865694046, 'y': 0.639393329620361, 'z': -0.045162089169025}","{'x': 0.589350342750549, 'y': 0.494123756885529, 'z': -0.197368994355202}","{'x': 0.589701354503632, 'y': 0.318216443061829, 'z': -0.275890380144119}","{'x': 0.59109228849411, 'y': 0.277486801147461, 'z': -0.347526788711548}","{'x': 0.584778428077698, 'y': 0.266392946243286, 'z': -0.308512002229691}","{'x': 0.516864597797394, 'y': 0.985754549503326, 'z': -0.048522610217333}","{'x': 0.512204647064209, 'y': 1.266122221946716, 'z': -0.229662746191025}","{'x': 0.498045384883881, 'y': 1.543536424636841, 'z': 0.037396013736725}","{'x': 0.472532838582993, 'y': 1.614381074905396, 'z': -0.103356435894966}","{'x': 0.398912221193314, 'y': 0.663050830364227, 'z': 0.171960189938545}","{'x': 0.358344495296478, 'y': 0.814064621925354, 'z': 0.21917137503624}","{'x': 0.349108994007111, 'y': 0.957968831062317, 'z': 0.124749004840851}","{'x': 0.341839104890823, 'y': 1.008870959281921, 'z': 0.109503723680973}","{'x': 0.35662317276001, 'y': 1.009208083152771, 'z': 0.06376788765192}","{'x': 0.408728450536728, 'y': 0.975644528865814, 'z': 0.051227416843176}","{'x': 0.404930502176285, 'y': 1.266409516334534, 'z': -0.085160456597805}","{'x': 0.39908242225647, 'y': 1.594762086868286, 'z': 0.012478998862207}","{'x': 0.391060292720795, 'y': 1.638609886169434, 'z': -0.170156985521317}"
"{'x': 0.448074996471405, 'y': 0.50464403629303, 'z': -0.190253898501396}","{'x': 0.499804735183716, 'y': 0.628205716609955, 'z': -0.064831741154194}","{'x': 0.502211153507233, 'y': 0.473014116287231, 'z': -0.220246151089668}","{'x': 0.474923193454742, 'y': 0.304655373096466, 'z': -0.29265171289444}","{'x': 0.470931589603424, 'y': 0.269899547100067, 'z': -0.371722191572189}","{'x': 0.467644810676575, 'y': 0.263975083827972, 'z': -0.335065007209778}","{'x': 0.476889282464981, 'y': 0.95801168680191, 'z': -0.046313799917698}","{'x': 0.489729523658752, 'y': 1.214962959289551, 'z': -0.237059995532036}","{'x': 0.489704489707947, 'y': 1.489835500717163, 'z': 0.008880282752216}","{'x': 0.465876907110214, 'y': 1.553665041923523, 'z': -0.134132027626038}","{'x': 0.365626722574234, 'y': 0.667783141136169, 'z': 0.174197435379028}","{'x': 0.328102737665176, 'y': 0.804518282413483, 'z': 0.169804632663727}","{'x': 0.305990517139435, 'y': 0.952015817165375, 'z': 0.015602031722665}","{'x': 0.292414337396622, 'y': 1.007287263870239, 'z': -0.012619847431779}","{'x': 0.308804720640182, 'y': 1.008185148239136, 'z': -0.05441776663065}","{'x': 0.378571540117264, 'y': 0.96926361322403, 'z': 0.048926759511232}","{'x': 0.387171804904938, 'y': 1.230071306228638, 'z': -0.083614774048328}","{'x': 0.384828686714172, 'y': 1.538743019104004, 'z': 0.00018978882872}","{'x': 0.387232422828674, 'y': 1.581401944160461, 'z': -0.183286011219025}"
"{'x': 0.327275991439819, 'y': 0.450408160686493, 'z': -0.207789361476898}","{'x': 0.389212369918823, 'y': 0.593859553337097, 'z': -0.05052736774087}","{'x': 0.451493799686432, 'y': 0.467715203762054, 'z': -0.234295517206192}","{'x': 0.447082459926605, 'y': 0.264847576618195, 'z': -0.378343880176544}","{'x': 0.445830434560776, 'y': 0.219489991664886, 'z': -0.461648941040039}","{'x': 0.436899781227112, 'y': 0.208527386188507, 'z': -0.415578722953796}","{'x': 0.335211157798767, 'y': 0.970659852027893, 'z': -0.043940272182226}","{'x': 0.335310935974121, 'y': 1.25441837310791, 'z': -0.189014166593552}","{'x': 0.333878248929977, 'y': 1.55496621131897, 'z': 0.09285044670105}","{'x': 0.305730760097504, 'y': 1.606911182403564, 'z': -0.070919752120972}","{'x': 0.226068168878555, 'y': 0.593057870864868, 'z': 0.177338823676109}","{'x': 0.167035460472107, 'y': 0.769555687904358, 'z': 0.220253571867943}","{'x': 0.12255984544754, 'y': 0.942873299121857, 'z': 0.102001383900642}","{'x': 0.100498661398888, 'y': 0.99814760684967, 'z': 0.080070689320564}","{'x': 0.109843105077744, 'y': 1.000648617744446, 'z': 0.027275312691927}","{'x': 0.221089765429497, 'y': 0.947590947151184, 'z': 0.046859104186296}","{'x': 0.211465448141098, 'y': 1.263928055763245, 'z': -0.029129164293408}","{'x': 0.199163869023323, 'y': 1.598306655883789, 'z': 0.083383962512016}","{'x': 0.202797338366508, 'y': 1.638201713562012, 'z': -0.107760161161423}"
"{'x': 0.51570600271225, 'y': 0.456041872501373, 'z': -0.248278751969337}","{'x': 0.587422311306, 'y': 0.602535247802734, 'z': -0.10697989910841}","{'x': 0.661574363708496, 'y': 0.472125023603439, 'z': -0.33727815747261}","{'x': 0.679035425186157, 'y': 0.309495747089386, 'z': -0.483092665672302}","{'x': 0.690548121929169, 'y': 0.253140866756439, 'z': -0.56486701965332}","{'x': 0.684863567352295, 'y': 0.248454391956329, 'z': -0.542863488197327}","{'x': 0.557532131671906, 'y': 0.95446765422821, 'z': -0.06420436501503}","{'x': 0.559595167636871, 'y': 1.000579714775085, 'z': -0.21707971394062}","{'x': 0.548643171787262, 'y': 1.08898389339447, 'z': 0.264042496681213}","{'x': 0.540697813034058, 'y': 1.110050916671753, 'z': 0.184074401855469}","{'x': 0.423612803220749, 'y': 0.641435384750366, 'z': 0.097127571702003}","{'x': 0.392834395170212, 'y': 0.811218202114105, 'z': 0.052751027047634}","{'x': 0.369953215122223, 'y': 0.952537715435028, 'z': -0.123728863894939}","{'x': 0.36852240562439, 'y': 0.998978137969971, 'z': -0.161742448806763}","{'x': 0.385546565055847, 'y': 0.995648264884949, 'z': -0.202137008309364}","{'x': 0.470040053129196, 'y': 0.963105738162994, 'z': 0.065723262727261}","{'x': 0.480572551488876, 'y': 0.896627843379974, 'z': -0.016482129693031}","{'x': 0.537793040275574, 'y': 0.991058468818665, 'z': 0.364207863807678}","{'x': 0.534670948982239, 'y': 0.998612642288208, 'z': 0.295405745506287}"
"{'x': 0.643028140068054, 'y': 0.507020473480225, 'z': -0.149501323699951}","{'x': 0.7163006067276, 'y': 0.644795298576355, 'z': -0.026943761855364}","{'x': 0.844948172569275, 'y': 0.57677149772644, 'z': -0.211413130164146}","{'x': 0.848923623561859, 'y': 0.411222815513611, 'z': -0.415693581104279}","{'x': 0.851720750331879, 'y': 0.363822638988495, 'z': -0.485308706760406}","{'x': 0.844996690750122, 'y': 0.360181987285614, 'z': -0.465622454881668}","{'x': 0.721060752868652, 'y': 0.989614546298981, 'z': -0.070292726159096}","{'x': 0.722753345966339, 'y': 1.240266084671021, 'z': -0.211698442697525}","{'x': 0.735416948795319, 'y': 1.509093880653381, 'z': 0.044900327920914}","{'x': 0.693096160888672, 'y': 1.570491075515747, 'z': -0.083167247474194}","{'x': 0.565891861915588, 'y': 0.686182141304016, 'z': 0.194152012467384}","{'x': 0.544849932193756, 'y': 0.863365888595581, 'z': 0.293867111206055}","{'x': 0.528385877609253, 'y': 1.017500281333923, 'z': 0.269187986850739}","{'x': 0.519580781459808, 'y': 1.073676943778992, 'z': 0.270757168531418}","{'x': 0.531688153743744, 'y': 1.076700329780579, 'z': 0.210414558649063}","{'x': 0.617018938064575, 'y': 1.011946320533752, 'z': 0.072503864765167}","{'x': 0.620488703250885, 'y': 1.263656377792358, 'z': -0.013783936388791}","{'x': 0.644037961959839, 'y': 1.58814549446106, 'z': 0.059950318187475}","{'x': 0.615878045558929, 'y': 1.62272572517395, 'z': -0.10784637928009}"
"{'x': 0.678952276706696, 'y': 0.461138725280762, 'z': -0.250396490097046}","{'x': 0.779238224029541, 'y': 0.589439153671265, 'z': -0.112276211380959}","{'x': 0.866565585136414, 'y': 0.457063257694244, 'z': -0.430278033018112}","{'x': 0.847476124763489, 'y': 0.259422659873962, 'z': -0.728426158428192}","{'x': 0.843993186950684, 'y': 0.206671297550201, 'z': -0.821533262729645}","{'x': 0.834982454776764, 'y': 0.196081578731537, 'z': -0.786618053913116}","{'x': 0.784341752529144, 'y': 0.982974410057068, 'z': -0.069488018751144}","{'x': 0.777069270610809, 'y': 1.197012782096863, 'z': -0.134183764457703}","{'x': 0.778614699840546, 'y': 1.387007474899292, 'z': 0.283428966999054}","{'x': 0.739982664585114, 'y': 1.454437017440796, 'z': 0.177485406398773}","{'x': 0.61005175113678, 'y': 0.666269361972809, 'z': 0.110479108989239}","{'x': 0.577869594097137, 'y': 0.86802351474762, 'z': 0.265629082918167}","{'x': 0.534264624118805, 'y': 0.998209774494171, 'z': 0.31988450884819}","{'x': 0.522444128990173, 'y': 1.049253106117249, 'z': 0.323821008205414}","{'x': 0.53947114944458, 'y': 1.046305418014526, 'z': 0.267854064702988}","{'x': 0.669902861118317, 'y': 0.996403992176056, 'z': 0.071926943957806}","{'x': 0.664095401763916, 'y': 1.163316488265991, 'z': 0.05746454000473}","{'x': 0.699060142040253, 'y': 1.385842323303223, 'z': 0.325019091367722}","{'x': 0.684340476989746, 'y': 1.423367381095886, 'z': 0.190835326910019}"
"{'x': 0.569956719875336, 'y': 0.433477759361267, 'z': -0.211080223321915}","{'x': 0.659614384174347, 'y': 0.550364971160889, 'z': -0.100263103842735}","{'x': 0.718943953514099, 'y': 0.413137197494507, 'z': -0.376669019460678}","{'x': 0.681201040744781, 'y': 0.204125463962555, 'z': -0.587385296821594}","{'x': 0.680374324321747, 'y': 0.161717891693115, 'z': -0.685282826423645}","{'x': 0.672722339630127, 'y': 0.153319776058197, 'z': -0.63506031036377}","{'x': 0.633076071739197, 'y': 0.951986730098724, 'z': -0.076425597071648}","{'x': 0.622767806053162, 'y': 1.285996079444885, 'z': -0.285322219133377}","{'x': 0.627533972263336, 'y': 1.593249082565308, 'z': 0.008432973176241}","{'x': 0.58549952507019, 'y': 1.668139219284058, 'z': -0.15075857937336}","{'x': 0.483100235462189, 'y': 0.60961127281189, 'z': 0.188516467809677}","{'x': 0.399996757507324, 'y': 0.751775801181793, 'z': 0.223271921277046}","{'x': 0.297738939523697, 'y': 0.796099662780762, 'z': 0.084250122308731}","{'x': 0.26873967051506, 'y': 0.80033928155899, 'z': 0.060458105057478}","{'x': 0.278444409370422, 'y': 0.795739233493805, 'z': 0.000278279592749}","{'x': 0.509001195430756, 'y': 0.960716784000397, 'z': 0.079200573265553}","{'x': 0.50559538602829, 'y': 1.304020643234253, 'z': -0.078472711145878}","{'x': 0.502471804618835, 'y': 1.671627283096313, 'z': 0.032003216445446}","{'x': 0.492163777351379, 'y': 1.725769877433777, 'z': -0.165770754218102}"
"{'x': 0.436664789915085, 'y': 0.455677688121796, 'z': -0.304303705692291}","{'x': 0.488692313432693, 'y': 0.59777557849884, 'z': -0.183850154280663}","{'x': 0.518876433372498, 'y': 0.42596048116684, 'z': -0.417732238769531}","{'x': 0.480390965938568, 'y': 0.267291128635406, 'z': -0.593872010707855}","{'x': 0.472509145736694, 'y': 0.222772061824799, 'z': -0.694278538227081}","{'x': 0.467396050691605, 'y': 0.216799259185791, 'z': -0.652128338813782}","{'x': 0.459556549787521, 'y': 0.981256663799286, 'z': -0.086784817278385}","{'x': 0.450587391853333, 'y': 1.267924427986145, 'z': -0.288197547197342}","{'x': 0.44558721780777, 'y': 1.59100615978241, 'z': 0.063739292323589}","{'x': 0.402349829673767, 'y': 1.631474494934082, 'z': -0.111372418701649}","{'x': 0.329572200775146, 'y': 0.619077146053314, 'z': 0.166373252868652}","{'x': 0.199533030390739, 'y': 0.739610135555267, 'z': 0.159005537629128}","{'x': 0.101888686418533, 'y': 0.76424777507782, 'z': -0.086870484054089}","{'x': 0.061528116464615, 'y': 0.761395454406738, 'z': -0.120367884635925}","{'x': 0.066650480031967, 'y': 0.749588251113892, 'z': -0.188819080591202}","{'x': 0.342901557683945, 'y': 0.982823669910431, 'z': 0.089697629213333}","{'x': 0.338655680418015, 'y': 1.296132802963257, 'z': -0.057056944817305}","{'x': 0.323287427425385, 'y': 1.653833389282227, 'z': 0.134846299886703}","{'x': 0.305152803659439, 'y': 1.679106712341309, 'z': -0.077618010342121}"
"{'x': 0.512691676616669, 'y': 0.488825589418411, 'z': -0.265961647033691}","{'x': 0.582893550395966, 'y': 0.636503636837006, 'z': -0.098118081688881}","{'x': 0.665501713752747, 'y': 0.515075385570526, 'z': -0.323660254478455}","{'x': 0.644732356071472, 'y': 0.334144711494446, 'z': -0.516090452671051}","{'x': 0.644493341445923, 'y': 0.295735657215118, 'z': -0.60225772857666}","{'x': 0.63526177406311, 'y': 0.288090646266937, 'z': -0.566329300403595}","{'x': 0.552865445613861, 'y': 0.979296326637268, 'z': -0.053055316209793}","{'x': 0.552575647830963, 'y': 1.225742101669312, 'z': -0.215874999761581}","{'x': 0.540247797966003, 'y': 1.475439190864563, 'z': 0.115625567734241}","{'x': 0.517386674880981, 'y': 1.534363031387329, 'z': -0.031456395983696}","{'x': 0.418802976608276, 'y': 0.660255074501038, 'z': 0.099564351141453}","{'x': 0.32457834482193, 'y': 0.782689034938812, 'z': 0.008515872992575}","{'x': 0.277576088905334, 'y': 0.789670705795288, 'z': -0.240081012248993}","{'x': 0.259099841117859, 'y': 0.798881471157074, 'z': -0.288949757814407}","{'x': 0.276450991630554, 'y': 0.785231947898865, 'z': -0.320006519556046}","{'x': 0.449528455734253, 'y': 0.983812510967255, 'z': 0.055757559835911}","{'x': 0.443108379840851, 'y': 1.252509355545044, 'z': -0.067479968070984}","{'x': 0.431680738925934, 'y': 1.554561376571655, 'z': 0.091800160706043}","{'x': 0.425994724035263, 'y': 1.592964172363281, 'z': -0.096747927367687}"
"{'x': 0.585411489009857, 'y': 0.434687733650208, 'z': -0.294472754001617}","{'x': 0.654315710067749, 'y': 0.560378193855286, 'z': -0.119465813040733}","{'x': 0.713378548622131, 'y': 0.41989541053772, 'z': -0.407650887966156}","{'x': 0.675744652748108, 'y': 0.228573381900787, 'z': -0.673829078674316}","{'x': 0.673175513744354, 'y': 0.180842578411102, 'z': -0.779671609401703}","{'x': 0.664350390434265, 'y': 0.170610785484314, 'z': -0.732863366603851}","{'x': 0.64975243806839, 'y': 0.951964735984802, 'z': -0.05248461291194}","{'x': 0.649969577789307, 'y': 1.174919128417969, 'z': -0.246441900730133}","{'x': 0.661104798316956, 'y': 1.481166839599609, 'z': 0.068291127681732}","{'x': 0.628522098064423, 'y': 1.551825761795044, 'z': -0.070518009364605}","{'x': 0.473391443490982, 'y': 0.607600629329681, 'z': 0.042114317417145}","{'x': 0.449267834424973, 'y': 0.780660629272461, 'z': 0.026657119393349}","{'x': 0.479930698871613, 'y': 0.932633519172668, 'z': -0.107152447104454}","{'x': 0.478657960891724, 'y': 0.964533865451813, 'z': -0.144005209207535}","{'x': 0.515315890312195, 'y': 0.957823932170868, 'z': -0.178849399089813}","{'x': 0.542543470859528, 'y': 0.96183854341507, 'z': 0.054886154830456}","{'x': 0.546559929847717, 'y': 1.14945924282074, 'z': -0.106017172336578}","{'x': 0.583977878093719, 'y': 1.461595773696899, 'z': 0.094664424657822}","{'x': 0.572397172451019, 'y': 1.509389281272888, 'z': -0.066457219421864}"
"{'x': 0.627156376838684, 'y': 0.43016916513443, 'z': -0.339933067560196}","{'x': 0.668830752372742, 'y': 0.560663759708405, 'z': -0.133327037096024}","{'x': 0.674760401248932, 'y': 0.381074190139771, 'z': -0.266823709011078}","{'x': 0.59937709569931, 'y': 0.234332621097565, 'z': -0.328737676143646}","{'x': 0.586006343364716, 'y': 0.199131846427917, 'z': -0.404391437768936}","{'x': 0.57979953289032, 'y': 0.194646000862122, 'z': -0.375894069671631}","{'x': 0.656203031539917, 'y': 0.960484802722931, 'z': -0.018998255953193}","{'x': 0.684009492397308, 'y': 1.027366876602173, 'z': -0.162672564387321}","{'x': 0.668859601020813, 'y': 1.226844787597656, 'z': 0.265975564718246}","{'x': 0.664814352989197, 'y': 1.278770923614502, 'z': 0.186590015888214}","{'x': 0.520069062709808, 'y': 0.605032324790955, 'z': -0.008704000152647}","{'x': 0.475738316774368, 'y': 0.779852569103241, 'z': -0.036830324679613}","{'x': 0.504649877548218, 'y': 0.891501069068909, 'z': -0.169881716370583}","{'x': 0.508036375045776, 'y': 0.933841049671173, 'z': -0.209320068359375}","{'x': 0.525274574756622, 'y': 0.923106849193573, 'z': -0.238326326012611}","{'x': 0.563183605670929, 'y': 0.970700800418854, 'z': 0.020100831985474}","{'x': 0.604406297206879, 'y': 0.965061545372009, 'z': -0.06997125595808}","{'x': 0.635200560092926, 'y': 1.149506092071533, 'z': 0.276322841644287}","{'x': 0.634176254272461, 'y': 1.174945473670959, 'z': 0.180822685360909}"
"{'x': 0.516050338745117, 'y': 0.505732417106628, 'z': -0.240924969315529}","{'x': 0.581653535366058, 'y': 0.627956509590149, 'z': -0.076742351055145}","{'x': 0.640986919403076, 'y': 0.497309684753418, 'z': -0.308422714471817}","{'x': 0.629670023918152, 'y': 0.328769266605377, 'z': -0.501550257205963}","{'x': 0.629457473754883, 'y': 0.280156135559082, 'z': -0.591331899166107}","{'x': 0.621601581573486, 'y': 0.277260303497314, 'z': -0.550639510154724}","{'x': 0.555027306079865, 'y': 0.979984164237976, 'z': -0.038189515471458}","{'x': 0.551858246326447, 'y': 1.181051731109619, 'z': -0.197325944900513}","{'x': 0.54352867603302, 'y': 1.468191385269165, 'z': 0.099712580442429}","{'x': 0.514077186584473, 'y': 1.522187113761902, 'z': -0.031972616910934}","{'x': 0.422991096973419, 'y': 0.659542143344879, 'z': 0.056517250835896}","{'x': 0.386895477771759, 'y': 0.802751064300537, 'z': 0.082111492753029}","{'x': 0.386321693658829, 'y': 0.951877295970917, 'z': 0.012544810771942}","{'x': 0.380399435758591, 'y': 0.993458867073059, 'z': -0.011636498384178}","{'x': 0.399516940116882, 'y': 0.985570669174194, 'z': -0.046828579157591}","{'x': 0.454577684402466, 'y': 0.976637303829193, 'z': 0.040914453566074}","{'x': 0.456710368394852, 'y': 1.155993223190308, 'z': -0.08259592205286}","{'x': 0.465802311897278, 'y': 1.440307974815369, 'z': 0.112146370112896}","{'x': 0.462394416332245, 'y': 1.484860062599182, 'z': -0.038330808281898}"
"{'x': 0.535265922546387, 'y': 0.240940749645233, 'z': -0.201148241758347}","{'x': 0.587376236915588, 'y': 0.340528249740601, 'z': 0.011135224252939}","{'x': 0.664982676506042, 'y': 0.264260321855545, 'z': -0.048436600714922}","{'x': 0.680832624435425, 'y': 0.136095196008682, 'z': -0.122974425554276}","{'x': 0.687672257423401, 'y': 0.09721165895462, 'z': -0.16777503490448}","{'x': 0.682590007781982, 'y': 0.091890275478363, 'z': -0.155308783054352}","{'x': 0.556154847145081, 'y': 0.605861842632294, 'z': -0.014462805353105}","{'x': 0.558974504470825, 'y': 0.81039422750473, 'z': -0.018472135066986}","{'x': 0.546796798706055, 'y': 1.001322269439697, 'z': 0.171670734882355}","{'x': 0.545854568481445, 'y': 1.076932430267334, 'z': 0.023049589246511}","{'x': 0.467827022075653, 'y': 0.343688875436783, 'z': 0.023033356294036}","{'x': 0.435966998338699, 'y': 0.477094143629074, 'z': 0.032025944441557}","{'x': 0.438137114048004, 'y': 0.587717115879059, 'z': -0.041099689900875}","{'x': 0.436932027339935, 'y': 0.616932928562164, 'z': -0.06765541434288}","{'x': 0.445784151554108, 'y': 0.613715946674347, 'z': -0.091873712837696}","{'x': 0.484669506549835, 'y': 0.608093678951263, 'z': 0.014357296749949}","{'x': 0.48825740814209, 'y': 0.811252415180206, 'z': 0.018650688230991}","{'x': 0.508586347103119, 'y': 1.008768677711487, 'z': 0.164788335561752}","{'x': 0.503779053688049, 'y': 1.074215412139893, 'z': 0.005125286988914}"
"{'x': 0.534200191497803, 'y': 0.238928198814392, 'z': -0.199693471193314}","{'x': 0.58214271068573, 'y': 0.340468674898148, 'z': 0.054634723812342}","{'x': 0.671170234680176, 'y': 0.309230536222458, 'z': 0.023755462840199}","{'x': 0.72905045747757, 'y': 0.195169478654861, 'z': -0.115456655621529}","{'x': 0.74485445022583, 'y': 0.164358973503113, 'z': -0.155531585216522}","{'x': 0.742220759391785, 'y': 0.154630661010742, 'z': -0.166770726442337}","{'x': 0.561604797840118, 'y': 0.598335146903992, 'z': 0.001787158660591}","{'x': 0.580077707767487, 'y': 0.79952073097229, 'z': -0.036527216434479}","{'x': 0.566609799861908, 'y': 1.00394880771637, 'z': 0.131804496049881}","{'x': 0.581060230731964, 'y': 1.064894795417786, 'z': -0.035675764083862}","{'x': 0.463507622480392, 'y': 0.341557562351227, 'z': 0.003162782872096}","{'x': 0.442190408706665, 'y': 0.466056644916534, 'z': 0.021513309329748}","{'x': 0.442233890295029, 'y': 0.584811568260193, 'z': -0.071067713201046}","{'x': 0.439071774482727, 'y': 0.614671170711517, 'z': -0.097292385995388}","{'x': 0.446874737739563, 'y': 0.610722780227661, 'z': -0.132258608937263}","{'x': 0.487918019294739, 'y': 0.604487299919128, 'z': -0.001743699191138}","{'x': 0.49738609790802, 'y': 0.808490455150604, 'z': -0.025543507188559}","{'x': 0.512581169605255, 'y': 1.002315044403076, 'z': 0.118067771196365}","{'x': 0.500777959823608, 'y': 1.059695601463318, 'z': -0.059033885598183}"
"{'x': 0.646898746490479, 'y': 0.238028168678284, 'z': -0.154413044452667}","{'x': 0.707085430622101, 'y': 0.325594484806061, 'z': 0.015726685523987}","{'x': 0.751214146614075, 'y': 0.205770790576935, 'z': -0.038142967969179}","{'x': 0.758307099342346, 'y': 0.085615038871765, 'z': -0.107647247612476}","{'x': 0.766566693782806, 'y': 0.049885869026184, 'z': -0.153676569461823}","{'x': 0.758705914020538, 'y': 0.053763747215271, 'z': -0.144470706582069}","{'x': 0.684004426002502, 'y': 0.59891402721405, 'z': -0.030747588723898}","{'x': 0.671691536903381, 'y': 0.818114459514618, 'z': -0.012880539521575}","{'x': 0.650108218193054, 'y': 1.006906867027283, 'z': 0.109979398548603}","{'x': 0.646880507469177, 'y': 1.103387117385864, 'z': -0.043390311300755}","{'x': 0.588942229747772, 'y': 0.344943732023239, 'z': 0.095311388373375}","{'x': 0.565595030784607, 'y': 0.467543214559555, 'z': 0.164478123188019}","{'x': 0.556144714355469, 'y': 0.590018451213837, 'z': 0.110470376908779}","{'x': 0.545316100120544, 'y': 0.625376582145691, 'z': 0.095986485481262}","{'x': 0.552832007408142, 'y': 0.624003171920776, 'z': 0.049435496330261}","{'x': 0.610611379146576, 'y': 0.605139315128326, 'z': 0.030670873820782}","{'x': 0.618945777416229, 'y': 0.822162568569183, 'z': 0.061679296195507}","{'x': 0.624112963676453, 'y': 1.00197422504425, 'z': 0.159445583820343}","{'x': 0.619922757148743, 'y': 1.077845096588135, 'z': 0.005891753360629}"
"{'x': 0.561170279979706, 'y': 0.257568717002869, 'z': -0.176257610321045}","{'x': 0.604850053787231, 'y': 0.334392756223679, 'z': -0.128685161471367}","{'x': 0.61187332868576, 'y': 0.203043162822723, 'z': -0.24459308385849}","{'x': 0.598840236663818, 'y': 0.101947605609894, 'z': -0.2696912586689}","{'x': 0.59207946062088, 'y': 0.072981774806976, 'z': -0.322625577449799}","{'x': 0.586800873279572, 'y': 0.065368115901947, 'z': -0.297755569219589}","{'x': 0.586268961429596, 'y': 0.592501699924469, 'z': -0.05527301505208}","{'x': 0.594874680042267, 'y': 0.797435879707336, 'z': -0.083964787423611}","{'x': 0.61072450876236, 'y': 0.995975852012634, 'z': 0.027679288759828}","{'x': 0.601128160953522, 'y': 1.044490218162537, 'z': -0.129141494631767}","{'x': 0.524933457374573, 'y': 0.367182016372681, 'z': 0.070503041148186}","{'x': 0.493777602910995, 'y': 0.494135558605194, 'z': 0.083337336778641}","{'x': 0.495122075080872, 'y': 0.603252649307251, 'z': -0.008598974905908}","{'x': 0.49059009552002, 'y': 0.634864211082458, 'z': -0.029861118644476}","{'x': 0.504804611206055, 'y': 0.632946848869324, 'z': -0.060178566724062}","{'x': 0.541038870811462, 'y': 0.599390387535095, 'z': 0.05510189011693}","{'x': 0.536309242248535, 'y': 0.797171533107758, 'z': 0.042438723146915}","{'x': 0.571939647197723, 'y': 0.995309412479401, 'z': 0.16690282523632}","{'x': 0.541172742843628, 'y': 1.038592100143433, 'z': 0.022902080789208}"
"{'x': 0.539742887020111, 'y': 0.25729912519455, 'z': -0.152034938335419}","{'x': 0.585450351238251, 'y': 0.335893124341965, 'z': -0.008733517490327}","{'x': 0.612398684024811, 'y': 0.209771633148193, 'z': -0.086734883487225}","{'x': 0.592437088489532, 'y': 0.090295910835266, 'z': -0.139033496379852}","{'x': 0.586660027503967, 'y': 0.061650514602661, 'z': -0.187759637832642}","{'x': 0.580300092697144, 'y': 0.052489638328552, 'z': -0.163982212543488}","{'x': 0.569478452205658, 'y': 0.598065733909607, 'z': -0.013616380281746}","{'x': 0.578361988067627, 'y': 0.794171273708344, 'z': -0.049311794340611}","{'x': 0.568662226200104, 'y': 0.992778182029724, 'z': 0.107115529477596}","{'x': 0.582412362098694, 'y': 1.023640632629395, 'z': -0.041434790939093}","{'x': 0.48490297794342, 'y': 0.365716159343719, 'z': 0.047174170613289}","{'x': 0.461553007364273, 'y': 0.478494465351105, 'z': 0.067642666399479}","{'x': 0.464679896831512, 'y': 0.599407017230988, 'z': 0.007547574583441}","{'x': 0.459514319896698, 'y': 0.63309633731842, 'z': -0.011603206396103}","{'x': 0.466107964515686, 'y': 0.631307125091553, 'z': -0.04219613969326}","{'x': 0.504480183124542, 'y': 0.599769175052643, 'z': 0.013462646864355}","{'x': 0.512470424175262, 'y': 0.802849352359772, 'z': -0.002783671254292}","{'x': 0.529097378253937, 'y': 0.991765260696411, 'z': 0.114846117794514}","{'x': 0.53083199262619, 'y': 1.057985186576843, 'z': -0.046412825584412}"
"{'x': 0.639013528823853, 'y': 0.208971053361893, 'z': -0.241161048412323}","{'x': 0.692875802516937, 'y': 0.316817402839661, 'z': -0.003441569162533}","{'x': 0.731118202209473, 'y': 0.226967334747314, 'z': -0.069283559918404}","{'x': 0.732345104217529, 'y': 0.090900927782059, 'z': -0.24055814743042}","{'x': 0.727656722068787, 'y': 0.066667854785919, 'z': -0.29883873462677}","{'x': 0.72441840171814, 'y': 0.066745460033417, 'z': -0.297030031681061}","{'x': 0.667915940284729, 'y': 0.585577964782715, 'z': 0.006449801847339}","{'x': 0.670087933540344, 'y': 0.77908182144165, 'z': 0.013854200020432}","{'x': 0.649942994117737, 'y': 0.960066795349121, 'z': 0.219858482480049}","{'x': 0.661965429782867, 'y': 1.027268171310425, 'z': 0.065113484859467}","{'x': 0.574712336063385, 'y': 0.332189947366714, 'z': -0.014884158037603}","{'x': 0.543956637382507, 'y': 0.445167422294617, 'z': 0.012635833583772}","{'x': 0.537456393241882, 'y': 0.574334740638733, 'z': -0.083451770246029}","{'x': 0.528536081314087, 'y': 0.608270525932312, 'z': -0.109527304768562}","{'x': 0.53269624710083, 'y': 0.607385098934174, 'z': -0.15986967086792}","{'x': 0.593789458274841, 'y': 0.585227429866791, 'z': -0.006324197165668}","{'x': 0.582903861999512, 'y': 0.771559953689575, 'z': 0.025196304544806}","{'x': 0.583760857582092, 'y': 0.95729273557663, 'z': 0.180066913366318}","{'x': 0.577656805515289, 'y': 1.016389846801758, 'z': 0.015775952488184}"
"{'x': 0.496843189001083, 'y': 0.173533350229263, 'z': -0.157614141702652}","{'x': 0.551782190799713, 'y': 0.279323935508728, 'z': -0.005027902778238}","{'x': 0.561422228813171, 'y': 0.138491630554199, 'z': -0.050030197948217}","{'x': 0.531925678253174, 'y': 0.021498680114746, 'z': -0.023170802742243}","{'x': 0.522661507129669, 'y': 0.000907361507416, 'z': -0.061593640595675}","{'x': 0.515689849853516, 'y': -0.001163005828857, 'z': -0.034983079880476}","{'x': 0.524419486522675, 'y': 0.57269948720932, 'z': -0.016379106789827}","{'x': 0.512963771820068, 'y': 0.790686547756195, 'z': -1.5795103536e-05}","{'x': 0.490759313106537, 'y': 0.993051946163177, 'z': 0.180682495236397}","{'x': 0.4895039498806, 'y': 1.032993674278259, 'z': 0.047805331647396}","{'x': 0.432099640369415, 'y': 0.306883573532104, 'z': 0.063467212021351}","{'x': 0.399839103221893, 'y': 0.44264218211174, 'z': 0.134780004620552}","{'x': 0.394440829753876, 'y': 0.581514358520508, 'z': 0.115868650376797}","{'x': 0.387434840202332, 'y': 0.618046700954437, 'z': 0.103163495659828}","{'x': 0.397574543952942, 'y': 0.617882788181305, 'z': 0.069673418998718}","{'x': 0.44945040345192, 'y': 0.570549786090851, 'z': 0.016393745318055}","{'x': 0.449635148048401, 'y': 0.781355798244476, 'z': 0.052313610911369}","{'x': 0.460972219705582, 'y': 0.980793952941895, 'z': 0.173188209533691}","{'x': 0.456327795982361, 'y': 1.03137993812561, 'z': 0.029406279325485}"
"{'x': 0.346302896738052, 'y': 0.122678190469742, 'z': -0.114724412560463}","{'x': 0.390778124332428, 'y': 0.26200944185257, 'z': 0.074169777333736}","{'x': 0.425511479377747, 'y': 0.164442598819733, 'z': -0.031243620440364}","{'x': 0.397025614976883, 'y': 0.021374762058258, 'z': -0.128094062209129}","{'x': 0.389545679092407, 'y': -0.002724349498749, 'z': -0.179408088326454}","{'x': 0.385263890028, 'y': -0.004575312137604, 'z': -0.147702902555466}","{'x': 0.365663111209869, 'y': 0.565654039382935, 'z': -0.009788500145078}","{'x': 0.33851283788681, 'y': 0.817222476005554, 'z': 0.035716090351343}","{'x': 0.288458496332169, 'y': 1.034717679023743, 'z': 0.213659882545471}","{'x': 0.287064433097839, 'y': 1.119601011276245, 'z': 0.059017494320869}","{'x': 0.250505000352859, 'y': 0.252306282520294, 'z': 0.090404361486435}","{'x': 0.207363948225975, 'y': 0.387748420238495, 'z': 0.102055065333843}","{'x': 0.20595571398735, 'y': 0.550779938697815, 'z': 0.04265557974577}","{'x': 0.200127333402634, 'y': 0.596283137798309, 'z': 0.023826641961932}","{'x': 0.209927707910538, 'y': 0.595216333866119, 'z': -0.012032693251967}","{'x': 0.27336922287941, 'y': 0.560116827487946, 'z': 0.009685045108199}","{'x': 0.260538280010223, 'y': 0.809654712677002, 'z': 0.057807859033346}","{'x': 0.247452780604362, 'y': 1.009310126304626, 'z': 0.199144259095192}","{'x': 0.2381881326437, 'y': 1.106574654579163, 'z': 0.037594206631184}"
"{'x': 0.374268352985382, 'y': 0.134081095457077, 'z': -0.218369022011757}","{'x': 0.419656753540039, 'y': 0.254923671483994, 'z': 0.030104786157608}","{'x': 0.475941240787506, 'y': 0.157707870006561, 'z': -0.027783857658505}","{'x': 0.49554181098938, 'y': 0.016132950782776, 'z': -0.150557562708855}","{'x': 0.503511786460876, 'y': -0.031091928482056, 'z': -0.205318003892899}","{'x': 0.494050741195679, 'y': -0.031779229640961, 'z': -0.197245210409164}","{'x': 0.403596460819244, 'y': 0.564798891544342, 'z': -0.00903984438628}","{'x': 0.405438214540482, 'y': 0.802976965904236, 'z': 0.032980717718601}","{'x': 0.40840956568718, 'y': 1.014307737350464, 'z': 0.194688826799393}","{'x': 0.404193997383118, 'y': 1.107733368873596, 'z': 0.022654270753264}","{'x': 0.282537460327148, 'y': 0.257349938154221, 'z': 0.016683770343661}","{'x': 0.242609590291977, 'y': 0.397508084774017, 'z': 0.045981276780367}","{'x': 0.246952250599861, 'y': 0.568228006362915, 'z': -0.015380349941552}","{'x': 0.246652722358704, 'y': 0.607273519039154, 'z': -0.041070327162743}","{'x': 0.255762577056885, 'y': 0.60544890165329, 'z': -0.079651542007923}","{'x': 0.314379900693893, 'y': 0.565641224384308, 'z': 0.009048254229128}","{'x': 0.287665635347366, 'y': 0.805331110954285, 'z': 0.034544821828604}","{'x': 0.259393513202667, 'y': 1.050363421440125, 'z': 0.18002325296402}","{'x': 0.239609137177467, 'y': 1.116889238357544, 'z': 0.003412015968934}"
"{'x': 0.509870290756226, 'y': 0.229264259338379, 'z': -0.16563905775547}","{'x': 0.553963541984558, 'y': 0.321933150291443, 'z': 0.05117355287075}","{'x': 0.618084788322449, 'y': 0.214659929275513, 'z': 0.034911036491394}","{'x': 0.64073657989502, 'y': 0.075495839118958, 'z': -0.027800111100078}","{'x': 0.649782061576843, 'y': 0.041881144046783, 'z': -0.072019711136818}","{'x': 0.645182609558105, 'y': 0.037127912044525, 'z': -0.070387184619904}","{'x': 0.540276885032654, 'y': 0.593536913394928, 'z': -0.012455894611776}","{'x': 0.520319044589996, 'y': 0.806809842586517, 'z': -0.015917172655463}","{'x': 0.491592139005661, 'y': 1.01160717010498, 'z': 0.127023428678513}","{'x': 0.490268677473068, 'y': 1.097177982330322, 'z': -0.014402372762561}","{'x': 0.433434873819351, 'y': 0.340222060680389, 'z': 0.025775145739317}","{'x': 0.400986522436142, 'y': 0.471552401781082, 'z': 0.036166831851006}","{'x': 0.423438251018524, 'y': 0.589003562927246, 'z': -0.042163241654634}","{'x': 0.426410496234894, 'y': 0.623367547988892, 'z': -0.071015082299709}","{'x': 0.438593059778214, 'y': 0.618486404418945, 'z': -0.09669604152441}","{'x': 0.471705317497253, 'y': 0.602045297622681, 'z': 0.012291071005166}","{'x': 0.481797307729721, 'y': 0.818816840648651, 'z': 0.009002463892102}","{'x': 0.493489176034927, 'y': 1.009011268615723, 'z': 0.113712035119534}","{'x': 0.492451548576355, 'y': 1.085009217262268, 'z': -0.044706221669912}"
"{'x': 0.647220969200134, 'y': 0.238114178180695, 'z': -0.11069243401289}","{'x': 0.703480422496796, 'y': 0.332663059234619, 'z': 0.0891482681036}","{'x': 0.759437799453735, 'y': 0.22096249461174, 'z': 0.034460533410311}","{'x': 0.77580600976944, 'y': 0.088535368442535, 'z': -0.038901060819626}","{'x': 0.7799152135849, 'y': 0.055991649627686, 'z': -0.083542734384537}","{'x': 0.773577749729156, 'y': 0.046878576278687, 'z': -0.075303271412849}","{'x': 0.676321387290955, 'y': 0.62240606546402, 'z': 0.000418146315496}","{'x': 0.667624950408936, 'y': 0.819581687450409, 'z': -0.090161316096783}","{'x': 0.642452359199524, 'y': 1.053539872169495, 'z': -0.014891812577844}","{'x': 0.651870369911194, 'y': 1.121986031532288, 'z': -0.149390891194344}","{'x': 0.581720292568207, 'y': 0.352639764547348, 'z': 0.051496632397175}","{'x': 0.559962034225464, 'y': 0.468128085136414, 'z': 0.056257959455252}","{'x': 0.554584205150604, 'y': 0.5984907746315, 'z': -0.012173466384411}","{'x': 0.550373494625092, 'y': 0.633578717708588, 'z': -0.038394536823034}","{'x': 0.558166325092316, 'y': 0.633075535297394, 'z': -0.070980928838253}","{'x': 0.602452039718628, 'y': 0.611260116100311, 'z': -0.000542930676602}","{'x': 0.55821031332016, 'y': 0.80389529466629, 'z': -0.088270291686058}","{'x': 0.523321390151978, 'y': 1.046941637992859, 'z': -0.062234945595264}","{'x': 0.509243369102478, 'y': 1.103118419647217, 'z': -0.21219989657402}"
"{'x': 0.68383252620697, 'y': 0.185313731431961, 'z': -0.163968414068222}","{'x': 0.746436953544617, 'y': 0.288891494274139, 'z': 0.040006570518017}","{'x': 0.8025062084198, 'y': 0.175507068634033, 'z': 0.032584257423878}","{'x': 0.792023539543152, 'y': 0.036484181880951, 'z': -0.007095083594322}","{'x': 0.786657571792603, 'y': 0.000374436378479, 'z': -0.044626265764236}","{'x': 0.781609058380127, 'y': -0.003118813037872, 'z': -0.036002833396196}","{'x': 0.739085078239441, 'y': 0.589258015155792, 'z': -0.005370397120714}","{'x': 0.740789830684662, 'y': 0.793655157089233, 'z': 0.0312753431499}","{'x': 0.73249739408493, 'y': 1.016696095466614, 'z': 0.192425742745399}","{'x': 0.742433786392212, 'y': 1.074954390525818, 'z': 0.070588961243629}","{'x': 0.618880212306976, 'y': 0.322342395782471, 'z': 0.047890853136778}","{'x': 0.588229656219482, 'y': 0.464585542678833, 'z': 0.096274472773075}","{'x': 0.59809672832489, 'y': 0.583659112453461, 'z': 0.05940929427743}","{'x': 0.599199891090393, 'y': 0.617384076118469, 'z': 0.039729386568069}","{'x': 0.605563700199127, 'y': 0.609821379184723, 'z': 0.010140233673155}","{'x': 0.659988284111023, 'y': 0.597776532173157, 'z': 0.005354998167604}","{'x': 0.666398167610168, 'y': 0.798333168029785, 'z': 0.051124639809132}","{'x': 0.698881804943085, 'y': 1.0249103307724, 'z': 0.156576901674271}","{'x': 0.703384578227997, 'y': 1.079136729240417, 'z': 0.018909957259893}"
"{'x': 0.400120109319687, 'y': 0.137987077236176, 'z': -0.272459954023361}","{'x': 0.414428144693375, 'y': 0.217611655592918, 'z': -0.012076509185135}","{'x': 0.481156051158905, 'y': 0.185476779937744, 'z': -0.097257480025291}","{'x': 0.502092778682709, 'y': 0.099152594804764, 'z': -0.246643781661987}","{'x': 0.514630138874054, 'y': 0.045330286026001, 'z': -0.285169452428818}","{'x': 0.509276032447815, 'y': 0.043214529752731, 'z': -0.275041580200195}","{'x': 0.351136744022369, 'y': 0.438490986824036, 'z': 0.040139190852642}","{'x': 0.384267270565033, 'y': 0.543613970279694, 'z': -0.173365548253059}","{'x': 0.364879369735718, 'y': 0.728340148925781, 'z': 0.005191161297262}","{'x': 0.397005021572113, 'y': 0.759267210960388, 'z': -0.09993839263916}","{'x': 0.306998670101166, 'y': 0.17511448264122, 'z': -0.126499265432358}","{'x': 0.250484764575958, 'y': 0.266237080097198, 'z': -0.153308376669884}","{'x': 0.206773638725281, 'y': 0.357825666666031, 'z': -0.225990831851959}","{'x': 0.189435407519341, 'y': 0.386173963546753, 'z': -0.248232468962669}","{'x': 0.195529118180275, 'y': 0.387047708034515, 'z': -0.279609054327011}","{'x': 0.277280777692795, 'y': 0.419940739870071, 'z': -0.040039896965027}","{'x': 0.284500151872635, 'y': 0.532272040843964, 'z': -0.374533146619797}","{'x': 0.284549176692963, 'y': 0.720986604690552, 'z': -0.204146385192871}","{'x': 0.289544254541397, 'y': 0.763543307781219, 'z': -0.323496550321579}"
"{'x': 0.448672562837601, 'y': 0.137800723314285, 'z': -0.360011428594589}","{'x': 0.453852951526642, 'y': 0.222287937998772, 'z': -0.066699869930744}","{'x': 0.537734568119049, 'y': 0.175703346729279, 'z': -0.051394939422607}","{'x': 0.5640949010849, 'y': 0.070058524608612, 'z': -0.127475246787071}","{'x': 0.571756601333618, 'y': 0.036541372537613, 'z': -0.15867754817009}","{'x': 0.567209720611572, 'y': 0.032207995653152, 'z': -0.158282577991486}","{'x': 0.386344641447067, 'y': 0.448710411787033, 'z': 0.04722310975194}","{'x': 0.402426272630692, 'y': 0.571827292442322, 'z': -0.069810226559639}","{'x': 0.373984485864639, 'y': 0.733568668365479, 'z': 0.2150589376688}","{'x': 0.405612200498581, 'y': 0.764001429080963, 'z': 0.098494619131088}","{'x': 0.340016454458237, 'y': 0.190959125757217, 'z': -0.231647506356239}","{'x': 0.292327731847763, 'y': 0.315764248371124, 'z': -0.224143147468567}","{'x': 0.269702911376953, 'y': 0.432983011007309, 'z': -0.240336745977402}","{'x': 0.261674225330353, 'y': 0.461344748735428, 'z': -0.261862397193909}","{'x': 0.270890921354294, 'y': 0.463947683572769, 'z': -0.287140220403671}","{'x': 0.314480185508728, 'y': 0.430058568716049, 'z': -0.047025628387928}","{'x': 0.305048376321793, 'y': 0.593119144439697, 'z': -0.093606919050217}","{'x': 0.286550045013428, 'y': 0.754513263702393, 'z': 0.185140267014503}","{'x': 0.296430766582489, 'y': 0.789029121398926, 'z': 0.050530951470137}"
"{'x': 0.56243759393692, 'y': 0.091649651527405, 'z': -0.306604862213135}","{'x': 0.576014280319214, 'y': 0.197190642356873, 'z': -0.021590365096927}","{'x': 0.652212977409363, 'y': 0.178903460502625, 'z': -0.019271299242973}","{'x': 0.682003796100616, 'y': 0.056172668933868, 'z': -0.135075390338898}","{'x': 0.701393127441406, 'y': -0.002329707145691, 'z': -0.176954194903374}","{'x': 0.697635054588318, 'y': -0.003315895795822, 'z': -0.172288939356804}","{'x': 0.495736122131348, 'y': 0.431785315275192, 'z': 0.065639048814774}","{'x': 0.467937886714935, 'y': 0.589990854263306, 'z': 0.287726849317551}","{'x': 0.409249246120453, 'y': 0.737052321434021, 'z': 0.660079300403595}","{'x': 0.440053552389145, 'y': 0.788256347179413, 'z': 0.54681122303009}","{'x': 0.458918958902359, 'y': 0.168426960706711, 'z': -0.192251890897751}","{'x': 0.417007267475128, 'y': 0.277430653572083, 'z': -0.175326779484749}","{'x': 0.393177360296249, 'y': 0.389081001281738, 'z': -0.205705180764198}","{'x': 0.382979482412338, 'y': 0.421036452054977, 'z': -0.233696699142456}","{'x': 0.392450511455536, 'y': 0.41424286365509, 'z': -0.25865039229393}","{'x': 0.434758096933365, 'y': 0.410990953445435, 'z': -0.065639048814774}","{'x': 0.449376970529556, 'y': 0.575564861297607, 'z': 0.039112191647291}","{'x': 0.457188010215759, 'y': 0.712931036949158, 'z': 0.367578655481339}","{'x': 0.484234571456909, 'y': 0.780821204185486, 'z': 0.231092840433121}"
"{'x': 0.642213046550751, 'y': 0.159039258956909, 'z': -0.378193318843842}","{'x': 0.673087656497955, 'y': 0.247923985123634, 'z': -0.072148449718952}","{'x': 0.731607675552368, 'y': 0.183301597833633, 'z': -0.154715448617935}","{'x': 0.758332967758179, 'y': 0.090999603271484, 'z': -0.329226136207581}","{'x': 0.766296029090881, 'y': 0.061982065439224, 'z': -0.369441717863083}","{'x': 0.763215780258179, 'y': 0.053846478462219, 'z': -0.363815724849701}","{'x': 0.628218710422516, 'y': 0.494452148675919, 'z': 0.049436014145613}","{'x': 0.633400738239288, 'y': 0.644856929779053, 'z': 0.068866603076458}","{'x': 0.63662326335907, 'y': 0.748538017272949, 'z': 0.543848216533661}","{'x': 0.669963479042053, 'y': 0.782547473907471, 'z': 0.444246917963028}","{'x': 0.548587441444397, 'y': 0.250019431114197, 'z': -0.175031617283821}","{'x': 0.506001472473145, 'y': 0.369560420513153, 'z': -0.168780490756035}","{'x': 0.475508779287338, 'y': 0.478115051984787, 'z': -0.253587484359741}","{'x': 0.461953073740005, 'y': 0.510279834270477, 'z': -0.273799449205399}","{'x': 0.469728410243988, 'y': 0.509511351585388, 'z': -0.317140609025955}","{'x': 0.548376142978668, 'y': 0.477124273777008, 'z': -0.049123454838991}","{'x': 0.532961428165436, 'y': 0.559500455856323, 'z': -0.565935552120209}","{'x': 0.49124002456665, 'y': 0.760957181453705, 'z': -0.323808491230011}","{'x': 0.489410042762756, 'y': 0.79529994726181, 'z': -0.513842821121216}"
"{'x': 0.480225443840027, 'y': 0.021797925233841, 'z': -0.370112955570221}","{'x': 0.52327024936676, 'y': 0.118454366922379, 'z': -0.194917753338814}","{'x': 0.529404878616333, 'y': 0.202527493238449, 'z': -0.394031792879105}","{'x': 0.528214335441589, 'y': 0.093257695436478, 'z': -0.676442265510559}","{'x': 0.529815852642059, 'y': 0.066013753414154, 'z': -0.729315519332886}","{'x': 0.534214437007904, 'y': 0.052430599927902, 'z': -0.720503330230713}","{'x': 0.481507360935211, 'y': 0.368547320365906, 'z': -0.003232456045225}","{'x': 0.532574117183685, 'y': 0.538171589374542, 'z': 0.0671406686306}","{'x': 0.541210770606995, 'y': 0.592901408672333, 'z': 0.576570510864258}","{'x': 0.554029107093811, 'y': 0.664235353469849, 'z': 0.503554999828339}","{'x': 0.400350719690323, 'y': 0.098189324140549, 'z': -0.109523214399815}","{'x': 0.357679694890976, 'y': 0.213285759091377, 'z': -0.015145990997553}","{'x': 0.308492362499237, 'y': 0.318095982074738, 'z': -0.036927368491888}","{'x': 0.293009370565414, 'y': 0.346948146820068, 'z': -0.035248853266239}","{'x': 0.297916263341904, 'y': 0.348648279905319, 'z': -0.081512972712517}","{'x': 0.407166421413422, 'y': 0.365020364522934, 'z': 0.003399651963264}","{'x': 0.396309524774551, 'y': 0.550482869148254, 'z': -0.317659288644791}","{'x': 0.413616180419922, 'y': 0.773995697498322, 'z': -0.137218743562698}","{'x': 0.380985587835312, 'y': 0.796970188617706, 'z': -0.334654271602631}"
"{'x': 0.393473505973816, 'y': 0.090336531400681, 'z': -0.288710117340088}","{'x': 0.418077766895294, 'y': 0.185736611485481, 'z': -0.046436615288258}","{'x': 0.475429117679596, 'y': 0.162573844194412, 'z': -0.212928861379623}","{'x': 0.521471917629242, 'y': 0.048948734998703, 'z': -0.488871514797211}","{'x': 0.531848073005676, 'y': 0.017783761024475, 'z': -0.555591940879822}","{'x': 0.527261257171631, 'y': 0.015368938446045, 'z': -0.546119332313538}","{'x': 0.360202014446259, 'y': 0.421277195215225, 'z': 0.002649705624208}","{'x': 0.363563358783722, 'y': 0.554993629455566, 'z': -0.101985514163971}","{'x': 0.332162737846375, 'y': 0.733522951602936, 'z': 0.146414339542389}","{'x': 0.357990652322769, 'y': 0.755701720714569, 'z': 0.003423542017117}","{'x': 0.30134454369545, 'y': 0.16226515173912, 'z': -0.061829682439566}","{'x': 0.262572139501572, 'y': 0.290114939212799, 'z': -0.037633221596479}","{'x': 0.218440279364586, 'y': 0.37291219830513, 'z': -0.112951144576073}","{'x': 0.204454839229584, 'y': 0.400077670812607, 'z': -0.13302905857563}","{'x': 0.212884664535522, 'y': 0.403610378503799, 'z': -0.176067873835564}","{'x': 0.286903351545334, 'y': 0.408878266811371, 'z': -0.002595006255433}","{'x': 0.278945118188858, 'y': 0.553331255912781, 'z': -0.035882838070393}","{'x': 0.273244708776474, 'y': 0.696209609508514, 'z': 0.2584388256073}","{'x': 0.268118292093277, 'y': 0.744854390621185, 'z': 0.136632785201073}"
"{'x': 0.324338585138321, 'y': 0.066332012414932, 'z': -0.129872828722}","{'x': 0.325911968946457, 'y': 0.17208631336689, 'z': 0.149869129061699}","{'x': 0.381723821163177, 'y': 0.191348999738693, 'z': 0.093333214521408}","{'x': 0.423401534557343, 'y': 0.092856258153915, 'z': -0.088694900274277}","{'x': 0.440449774265289, 'y': 0.062067955732346, 'z': -0.117916285991669}","{'x': 0.437313258647919, 'y': 0.057032406330109, 'z': -0.121833086013794}","{'x': 0.27806743979454, 'y': 0.406989634037018, 'z': 0.080809764564037}","{'x': 0.320669800043106, 'y': 0.500517070293427, 'z': -0.058082014322281}","{'x': 0.311931997537613, 'y': 0.698688507080078, 'z': 0.058700457215309}","{'x': 0.365865170955658, 'y': 0.740426123142242, 'z': -0.062668792903423}","{'x': 0.224721521139145, 'y': 0.127999365329742, 'z': -0.087818771600723}","{'x': 0.194437295198441, 'y': 0.238951653242111, 'z': -0.16337177157402}","{'x': 0.183860003948212, 'y': 0.319617420434952, 'z': -0.223669871687889}","{'x': 0.166847839951515, 'y': 0.337115496397018, 'z': -0.250675171613693}","{'x': 0.185642927885056, 'y': 0.343246400356293, 'z': -0.264280915260315}","{'x': 0.204058781266212, 'y': 0.39916118979454, 'z': -0.080758221447468}","{'x': 0.205346971750259, 'y': 0.547095537185669, 'z': -0.157187357544899}","{'x': 0.212626934051514, 'y': 0.730170607566833, 'z': -0.049191910773516}","{'x': 0.225667476654053, 'y': 0.770071983337402, 'z': -0.197179943323135}"
"{'x': 0.496527433395386, 'y': 0.102071017026901, 'z': -0.233394414186478}","{'x': 0.509786367416382, 'y': 0.202473491430283, 'z': 0.030491849407554}","{'x': 0.560402870178223, 'y': 0.181875094771385, 'z': -0.115850210189819}","{'x': 0.580089926719666, 'y': 0.109174937009811, 'z': -0.406934440135956}","{'x': 0.596868932247162, 'y': 0.079078316688538, 'z': -0.465283036231995}","{'x': 0.591177821159363, 'y': 0.074566036462784, 'z': -0.462271511554718}","{'x': 0.454464495182037, 'y': 0.432830959558487, 'z': 0.067430280148983}","{'x': 0.466371893882751, 'y': 0.584405720233917, 'z': 0.034138638526201}","{'x': 0.393587112426758, 'y': 0.733031868934631, 'z': 0.300212979316711}","{'x': 0.446966856718063, 'y': 0.762299656867981, 'z': 0.207043424248695}","{'x': 0.410773307085037, 'y': 0.169609159231186, 'z': -0.122437953948975}","{'x': 0.368761658668518, 'y': 0.262080430984497, 'z': -0.124037832021713}","{'x': 0.335322111845016, 'y': 0.364691108465195, 'z': -0.15678833425045}","{'x': 0.319856494665146, 'y': 0.39224573969841, 'z': -0.180786550045013}","{'x': 0.327685803174973, 'y': 0.394380062818527, 'z': -0.210431411862373}","{'x': 0.391455918550491, 'y': 0.410531759262085, 'z': -0.067524388432503}","{'x': 0.393843829631805, 'y': 0.588984191417694, 'z': -0.064371682703495}","{'x': 0.352278739213943, 'y': 0.699452638626099, 'z': 0.226806655526161}","{'x': 0.36606952548027, 'y': 0.762459874153137, 'z': 0.132413685321808}"
"{'x': 0.576594829559326, 'y': 0.14981210231781, 'z': -0.540002882480621}","{'x': 0.622868835926056, 'y': 0.227239429950714, 'z': -0.268329590559006}","{'x': 0.661057770252228, 'y': 0.175615102052689, 'z': -0.29675081372261}","{'x': 0.680980563163757, 'y': 0.06171452999115, 'z': -0.365505039691925}","{'x': 0.685640096664429, 'y': 0.040947258472443, 'z': -0.40667399764061}","{'x': 0.680970907211304, 'y': 0.027775287628174, 'z': -0.396434009075165}","{'x': 0.558577060699463, 'y': 0.46386045217514, 'z': 0.006256321910769}","{'x': 0.529170155525208, 'y': 0.616915285587311, 'z': 0.109400741755962}","{'x': 0.509600579738617, 'y': 0.754920125007629, 'z': 0.473965376615524}","{'x': 0.50302654504776, 'y': 0.795031666755676, 'z': 0.33896467089653}","{'x': 0.49285876750946, 'y': 0.227346003055573, 'z': -0.259134501218796}","{'x': 0.453124940395355, 'y': 0.362336993217468, 'z': -0.203336998820305}","{'x': 0.411715656518936, 'y': 0.472876727581024, 'z': -0.257044702768326}","{'x': 0.394253045320511, 'y': 0.504870235919952, 'z': -0.275852859020233}","{'x': 0.398979365825653, 'y': 0.514236211776733, 'z': -0.321201413869858}","{'x': 0.489278376102448, 'y': 0.432336062192917, 'z': -0.006093056872487}","{'x': 0.467148125171661, 'y': 0.480188995599747, 'z': -0.252656161785126}","{'x': 0.444560587406158, 'y': 0.598463892936707, 'z': 0.028368959203362}","{'x': 0.43781977891922, 'y': 0.641015112400055, 'z': -0.11838685721159}"
"{'x': 0.680650651454926, 'y': 0.115014433860779, 'z': -0.424415320158005}","{'x': 0.739560306072235, 'y': 0.202395021915436, 'z': -0.169575065374374}","{'x': 0.784383714199066, 'y': 0.110555022954941, 'z': -0.250780016183853}","{'x': 0.793372452259064, 'y': 0.014125406742096, 'z': -0.250780016183853}","{'x': 0.792248249053955, 'y': -0.020896255970001, 'z': -0.279918253421783}","{'x': 0.793281614780426, 'y': -0.017373919487, 'z': -0.256512135267258}","{'x': 0.694840133190155, 'y': 0.489295333623886, 'z': -0.012024005874991}","{'x': 0.723056793212891, 'y': 0.591026604175568, 'z': -0.48508021235466}","{'x': 0.685713589191437, 'y': 0.7861368060112, 'z': -0.228448659181595}","{'x': 0.72955596446991, 'y': 0.838867664337158, 'z': -0.377125382423401}","{'x': 0.591024398803711, 'y': 0.23097625374794, 'z': -0.161454558372498}","{'x': 0.558357954025269, 'y': 0.393946886062622, 'z': -0.14652718603611}","{'x': 0.532333850860596, 'y': 0.522851228713989, 'z': -0.199549242854118}","{'x': 0.521880090236664, 'y': 0.56085330247879, 'z': -0.204326003789902}","{'x': 0.531273663043976, 'y': 0.5533527135849, 'z': -0.235972046852112}","{'x': 0.603286683559418, 'y': 0.470884740352631, 'z': 0.012270308099687}","{'x': 0.56421023607254, 'y': 0.609714686870575, 'z': -0.25340723991394}","{'x': 0.540832161903381, 'y': 0.754934847354889, 'z': 0.124554075300694}","{'x': 0.515008389949799, 'y': 0.803344488143921, 'z': 0.022883675992489}"
"{'x': 0.571538984775543, 'y': 0.12806361913681, 'z': -0.278704553842545}","{'x': 0.64031046628952, 'y': 0.217596843838692, 'z': -0.129708528518677}","{'x': 0.665908753871918, 'y': 0.218359470367432, 'z': -0.406195014715195}","{'x': 0.625866055488586, 'y': 0.102062970399857, 'z': -0.712866485118866}","{'x': 0.617388129234314, 'y': 0.070968240499496, 'z': -0.790788054466248}","{'x': 0.614270329475403, 'y': 0.058068603277206, 'z': -0.770729005336761}","{'x': 0.659443974494934, 'y': 0.467171907424927, 'z': -0.044674701988697}","{'x': 0.708140790462494, 'y': 0.564371645450592, 'z': -0.52114862203598}","{'x': 0.681096255779266, 'y': 0.789685010910034, 'z': -0.278511673212051}","{'x': 0.715134084224701, 'y': 0.828295826911926, 'z': -0.451327800750732}","{'x': 0.531644463539124, 'y': 0.265932440757751, 'z': 0.024254048243165}","{'x': 0.511869430541992, 'y': 0.404265880584717, 'z': -0.034934509545565}","{'x': 0.484824895858765, 'y': 0.517501890659332, 'z': -0.224120900034904}","{'x': 0.471366614103317, 'y': 0.545305013656616, 'z': -0.249194666743279}","{'x': 0.475927352905273, 'y': 0.546210110187531, 'z': -0.288541197776794}","{'x': 0.579693675041199, 'y': 0.479774653911591, 'z': 0.044602375477552}","{'x': 0.51257848739624, 'y': 0.57527631521225, 'z': -0.395394027233124}","{'x': 0.535982489585876, 'y': 0.769327998161316, 'z': -0.137423530220985}","{'x': 0.475506871938705, 'y': 0.788213908672333, 'z': -0.284105062484741}"
"{'x': 0.559761822223663, 'y': 0.198321133852005, 'z': -0.338648796081543}","{'x': 0.627123117446899, 'y': 0.275797307491302, 'z': -0.154151648283005}","{'x': 0.633989095687866, 'y': 0.271020919084549, 'z': -0.291604280471802}","{'x': 0.593593955039978, 'y': 0.176211953163147, 'z': -0.457517057657242}","{'x': 0.584764838218689, 'y': 0.150797605514526, 'z': -0.517130732536316}","{'x': 0.583424150943756, 'y': 0.145190536975861, 'z': -0.50958925485611}","{'x': 0.658620238304138, 'y': 0.496165484189987, 'z': -0.041792422533035}","{'x': 0.687090575695038, 'y': 0.541170477867126, 'z': -0.61481100320816}","{'x': 0.685048341751099, 'y': 0.794297099113464, 'z': -0.426991969347}","{'x': 0.7071573138237, 'y': 0.822718143463135, 'z': -0.611938059329987}","{'x': 0.520572900772095, 'y': 0.320144534111023, 'z': -0.051264174282551}","{'x': 0.508971095085144, 'y': 0.4515161216259, 'z': -0.102348789572716}","{'x': 0.476647675037384, 'y': 0.559493482112885, 'z': -0.276521295309067}","{'x': 0.461634993553162, 'y': 0.590865194797516, 'z': -0.302377820014954}","{'x': 0.46748548746109, 'y': 0.59194004535675, 'z': -0.344574272632599}","{'x': 0.580711483955383, 'y': 0.511605441570282, 'z': 0.041994426399469}","{'x': 0.514927387237549, 'y': 0.570421040058136, 'z': -0.395030409097672}","{'x': 0.532214343547821, 'y': 0.780314266681671, 'z': -0.17659655213356}","{'x': 0.473100483417511, 'y': 0.798748731613159, 'z': -0.32967084646225}"
